timestamp,floorNative,floorUsd,volumeUsd,date
1680048000000,60.15,103201.761,1859653.2980900002,2023-03-29 00:00:00.000
1680134400000,60.47,104078.6107,2423202.11264,2023-03-30 00:00:00.000
1680220800000,60.39,107255.27536,1782643.3751899998,2023-03-31 00:00:00.000
1680307200000,60.45,105379.16355,4017155.3378299987,2023-04-01 00:00:00.000
1680393600000,61.95,110076.9534,1991489.0791800003,2023-04-02 00:00:00.000
1680480000000,60.99,110589.1832,3685131.0892600003,2023-04-03 00:00:00.000
1680566400000,61.9699,110183.08559999999,1599755.06458,2023-04-04 00:00:00.000
1680652800000,61.5,111343.67468,3274580.4624799998,2023-04-05 00:00:00.000
1680739200000,60.15,111886.81456,3731035.024469999,2023-04-06 00:00:00.000
1680825600000,58.99,110070.6208,1816765.6515999998,2023-04-07 00:00:00.000
1680912000000,58.388,108301.56567999999,2546970.34764,2023-04-08 00:00:00.000
1680998400000,57.98,108228.80446,1981169.1572500004,2023-04-09 00:00:00.000
1681084800000,59.33,110050.01,1760635.31399,2023-04-10 00:00:00.000
1681171200000,58.95,109625.18850000002,2710219.8576700003,2023-04-11 00:00:00.000
1681257600000,58.67994,109643.48581,2574822.3876599995,2023-04-12 00:00:00.000
1681344000000,56.59,107121.41297,4230292.635659999,2023-04-13 00:00:00.000
1681430400000,52.3,100427.66452,13221200.150560008,2023-04-14 00:00:00.000
1681516800000,52.55,102923.95446,6463909.163240001,2023-04-15 00:00:00.000
1681603200000,52.87,106423.81475,10283109.187930001,2023-04-16 00:00:00.000
1681689600000,53.69,112345.2512,4477983.37221,2023-04-17 00:00:00.000
1681776000000,53.42,112339.38536,5231475.55133,2023-04-18 00:00:00.000
1681862400000,52.689,109333.36323,5044804.47478,2023-04-19 00:00:00.000
1681948800000,48.4,101798.6946,4870785.198010001,2023-04-20 00:00:00.000
1682035200000,47.98,92909.71569,6123351.512289998,2023-04-21 00:00:00.000
1682121600000,44.5,86482.88411,9217455.167359997,2023-04-22 00:00:00.000
1682208000000,47.25,87322.2525,7592750.9508799985,2023-04-23 00:00:00.000
1682294400000,49.099,92951.52284,3501616.10291,2023-04-24 00:00:00.000
1682380800000,50.5,92922.45929999999,1376439.28961,2023-04-25 00:00:00.000
1682467200000,50.5,91712.1618,2366802.2418,2023-04-26 00:00:00.000
1682553600000,50.0,92000.069191,3222344.79709,2023-04-27 00:00:00.000
1682640000000,49.79,92987.27249,972264.6048099999,2023-04-28 00:00:00.000
1682726400000,49.4,92987.27249,915039.8825599999,2023-04-29 00:00:00.000
1682812800000,48.99,92808.03184,1138731.04012,2023-04-30 00:00:00.000
1682899200000,46.75,88564.51293,3071293.6550599993,2023-05-01 00:00:00.000
1682985600000,46.95,86576.26950000001,2346242.581689999,2023-05-02 00:00:00.000
1683072000000,48.85,89240.6455,4731929.765329999,2023-05-03 00:00:00.000
1683158400000,50.27995,93438.635,1614620.5100099996,2023-05-04 00:00:00.000
1683244800000,49.75,94065.16898,2869623.483070001,2023-05-05 00:00:00.000
1683331200000,48.5,91053.95796,2931953.8249099995,2023-05-06 00:00:00.000
1683417600000,47.5,89176.55676,1030967.7469700001,2023-05-07 00:00:00.000
1683504000000,47.3,89889.42133,1890872.7837600003,2023-05-08 00:00:00.000
1683590400000,46.3,85064.212,1620066.8394300004,2023-05-09 00:00:00.000
1683676800000,42.99,79500.9182,2650430.7805600003,2023-05-10 00:00:00.000
1683763200000,40.69,75116.3549,3958747.7684600013,2023-05-11 00:00:00.000
1683849600000,40.95,75282.8895,3797065.7976900004,2023-05-12 00:00:00.000
1683936000000,43.35,76946.6835,1104861.26866,2023-05-13 00:00:00.000
1684022400000,42.85,77047.38289,1820458.14598,2023-05-14 00:00:00.000
1684108800000,43.8,79220.841,1216057.0026299998,2023-05-15 00:00:00.000
1684195200000,45.8,82394.59658,3165747.05756,2023-05-16 00:00:00.000
1684281600000,44.99,81668.9973,4170635.85933,2023-05-17 00:00:00.000
1684368000000,45.75,82403.5275,1368982.1927699998,2023-05-18 00:00:00.000
1684454400000,45.69,81357.8985,2235028.56107,2023-05-19 00:00:00.000
1684540800000,45.5,82008.78845,1205757.75064,2023-05-20 00:00:00.000
1684627200000,46.09,83539.04680000001,250240.49978,2023-05-21 00:00:00.000
1684713600000,45.79,83290.61478,1739231.60867,2023-05-22 00:00:00.000
1684800000000,45.499,82122.46762,1750437.31649,2023-05-23 00:00:00.000
1684886400000,45.25,82122.46762,3956913.5545099997,2023-05-24 00:00:00.000
1684972800000,44.8,81464.38559,4147923.2389100017,2023-05-25 00:00:00.000
1685059200000,45.68,82211.6664,818561.6485,2023-05-26 00:00:00.000
1685145600000,45.199,81620.61455,1081661.4464999998,2023-05-27 00:00:00.000
1685232000000,45.599,82342.93685,4640692.17745,2023-05-28 00:00:00.000
1685318400000,45.279,82813.32304,4887061.367989999,2023-05-29 00:00:00.000
1685404800000,45.149,83969.96784,4956774.56108,2023-05-30 00:00:00.000
1685491200000,45.177,85552.32976,5235644.455880001,2023-05-31 00:00:00.000
1685577600000,45.328,84349.10978,7057666.582009996,2023-06-01 00:00:00.000
1685664000000,45.268,83959.91764,8370985.724629993,2023-06-02 00:00:00.000
1685750400000,45.44,84611.0976,3334241.63709,2023-06-03 00:00:00.000
1685836800000,45.954,85553.72843,8839735.482059998,2023-06-04 00:00:00.000
1685923200000,46.14,87234.61468,6530643.068119998,2023-06-05 00:00:00.000
1686009600000,46.5327,84276.225,6217064.872400001,2023-06-06 00:00:00.000
1686096000000,46.73,84471.9518,23791662.10112993,2023-06-07 00:00:00.000
1686182400000,45.3,85276.10973,18254864.040249992,2023-06-08 00:00:00.000
1686268800000,45.349,83093.89795,4108027.4307999993,2023-06-09 00:00:00.000
1686355200000,46.0,84286.73854,12443109.071129994,2023-06-10 00:00:00.000
1686441600000,45.7286,84104.40754,13144407.768100016,2023-06-11 00:00:00.000
1686528000000,45.54441,79811.1131958,9594916.277490012,2023-06-12 00:00:00.000
1686614400000,45.57,79826.08988,11112920.269250015,2023-06-13 00:00:00.000
1686700800000,45.35,79021.0145,16422964.480130013,2023-06-14 00:00:00.000
1686787200000,45.33,78728.66518,18126379.627149984,2023-06-15 00:00:00.000
1686873600000,45.05,74360.8815,9156214.262610005,2023-06-16 00:00:00.000
1686960000000,44.69,73900.79443,10868910.571800005,2023-06-17 00:00:00.000
1687046400000,43.44,73135.84828,5073437.835070002,2023-06-18 00:00:00.000
1687132800000,43.25,74317.41989,6501506.721699994,2023-06-19 00:00:00.000
1687219200000,40.0,68770.92648,11347557.433880005,2023-06-20 00:00:00.000
1687305600000,39.99,68753.73375,8250198.748609997,2023-06-21 00:00:00.000
1687392000000,38.94,69710.01577,8443283.983999996,2023-06-22 00:00:00.000
1687478400000,36.7,68369.16313,7913240.8012999995,2023-06-23 00:00:00.000
1687564800000,36.0,67439.52,11324478.154689997,2023-06-24 00:00:00.000
1687651200000,33.912,63557.12254,12880412.54678001,2023-06-25 00:00:00.000
1687737600000,34.35,64378.01248,9084417.819699997,2023-06-26 00:00:00.000
1687824000000,36.0,68369.30323,3807694.522150001,2023-06-27 00:00:00.000
1687910400000,35.93,66800.6967,6235037.85775,2023-06-28 00:00:00.000
1687996800000,35.8,66580.92664,8205319.976929998,2023-06-29 00:00:00.000
1688083200000,36.15,66098.76885,4434049.828860002,2023-06-30 00:00:00.000
1688169600000,35.4,65611.96171,5785675.461060002,2023-07-01 00:00:00.000
1688256000000,32.6969,63237.29931,5882304.288089997,2023-07-02 00:00:00.000
1688342400000,27.99,54133.93953,11749117.939139998,2023-07-03 00:00:00.000
1688428800000,27.03,52021.05252,6585739.326170004,2023-07-04 00:00:00.000
1688515200000,29.666,57372.85383,6961259.6153500015,2023-07-05 00:00:00.000
1688601600000,28.99,56153.64235,6370188.3822,2023-07-06 00:00:00.000
1688688000000,27.6,52729.9452,8376257.462049998,2023-07-07 00:00:00.000
1688774400000,30.14,56224.202,9251662.253640005,2023-07-08 00:00:00.000
1688860800000,32.5,60752.80858,6340294.823370003,2023-07-09 00:00:00.000
1688947200000,32.5,60621.6,4145905.16797,2023-07-10 00:00:00.000
1689033600000,32.05,59759.77204,3140117.8275300004,2023-07-11 00:00:00.000
1689120000000,32.79,61139.55899,5070738.345700002,2023-07-12 00:00:00.000
1689206400000,33.62,63146.21726,4195117.0322,2023-07-13 00:00:00.000
1689292800000,32.92,61625.910800000005,4704199.092400002,2023-07-14 00:00:00.000
1689379200000,32.0,62179.81768,5202350.522659999,2023-07-15 00:00:00.000
1689465600000,32.25,63266.52707,1849299.8092900005,2023-07-16 00:00:00.000
1689552000000,32.85,63446.14126,5087768.854350004,2023-07-17 00:00:00.000
1689638400000,32.3,62114.06248,5007926.5129200015,2023-07-18 00:00:00.000
1689724800000,32.39,61933.65866,2499314.9668199997,2023-07-19 00:00:00.000
1689811200000,32.4689,61599.96828,1644870.9981100003,2023-07-20 00:00:00.000
1689897600000,32.95,62237.607500000006,3259617.63269,2023-07-21 00:00:00.000
1689984000000,32.344,61105.05478,5847352.515199997,2023-07-22 00:00:00.000
1690070400000,32.8,62025.27576,5644686.025230002,2023-07-23 00:00:00.000
1690156800000,31.4,58350.97155,6034677.669739998,2023-07-24 00:00:00.000
1690243200000,30.6,57767.50562,5164175.145820002,2023-07-25 00:00:00.000
1690329600000,30.54,56497.1676,4108580.12833,2023-07-26 00:00:00.000
1690416000000,30.1,55697.97764,4507885.441609999,2023-07-27 00:00:00.000
1690502400000,30.69,57009.63944,2952088.2259099996,2023-07-28 00:00:00.000
1690588800000,29.8,55391.55519,6048822.617480002,2023-07-29 00:00:00.000
1690675200000,29.7,55670.37178,3438512.693929999,2023-07-30 00:00:00.000
1690761600000,29.4895,54743.15,4005133.104549999,2023-07-31 00:00:00.000
1690848000000,28.887,53779.3452,3865139.0848999997,2023-08-01 00:00:00.000
1690934400000,28.969,53766.753690000005,2327132.5209899996,2023-08-02 00:00:00.000
1691020800000,28.862,52945.03004,5225347.000769999,2023-08-03 00:00:00.000
1691107200000,29.0,53097.840000000004,2678563.3558200006,2023-08-04 00:00:00.000
1691193600000,28.75,52776.41246,2351717.460419999,2023-08-05 00:00:00.000
1691280000000,28.8,52626.24,1638982.6041299999,2023-08-06 00:00:00.000
1691366400000,28.75,52568.25933,960964.4935099998,2023-08-07 00:00:00.000
1691452800000,28.88,52709.0328,704914.57956,2023-08-08 00:00:00.000
1691539200000,28.9999,52923.947503,1489768.21873,2023-08-09 00:00:00.000
1691625600000,29.04,53054.14843,1707381.13497,2023-08-10 00:00:00.000
1691712000000,29.249,53632.11103,1758393.6290599995,2023-08-11 00:00:00.000
1691798400000,29.8,55156.13427,1001592.9374799998,2023-08-12 00:00:00.000
1691884800000,28.88,53346.2696,3703342.4473700016,2023-08-13 00:00:00.000
1691971200000,28.63,52895.12274,2697626.467880002,2023-08-14 00:00:00.000
1692057600000,28.76,52903.1572,2027203.1357500006,2023-08-15 00:00:00.000
1692144000000,28.58,52687.61271,2636318.7412600005,2023-08-16 00:00:00.000
1692230400000,28.35,51846.003,2482048.31683,2023-08-17 00:00:00.000
1692316800000,27.989,50534.41939,4214264.210649997,2023-08-18 00:00:00.000
1692403200000,25.0,41896.55428,3224205.0506899985,2023-08-19 00:00:00.000
1692489600000,23.8,39524.16282,3023705.34701,2023-08-20 00:00:00.000
1692576000000,22.89,38208.75378,4594521.165509998,2023-08-21 00:00:00.000
1692662400000,22.93,38105.43317,3383267.29445,2023-08-22 00:00:00.000
1692748800000,21.99,36536.4498,6692360.068079998,2023-08-23 00:00:00.000
1692835200000,22.39,36672.8049,1805310.97225,2023-08-24 00:00:00.000
1692921600000,22.999,37805.62272,1945210.5968700002,2023-08-25 00:00:00.000
1693008000000,23.0,38134.92,2720550.092649999,2023-08-26 00:00:00.000
1693094400000,24.75,40908.780000000006,2299987.6700800005,2023-08-27 00:00:00.000
1693180800000,25.5,41970.5775,1123169.1354500002,2023-08-28 00:00:00.000
1693267200000,25.39,41770.554,895741.9403599999,2023-08-29 00:00:00.000
1693353600000,25.8,42459.060000000005,1016706.02167,2023-08-30 00:00:00.000
1693440000000,26.249,43727.10207,2734983.889689999,2023-08-31 00:00:00.000
1693526400000,27.95,46011.5695,1625241.47684,2023-09-01 00:00:00.000
1693612800000,26.999,43802.195,3008761.67126,2023-09-02 00:00:00.000
1693699200000,26.849,43719.586500000005,981499.9287000003,2023-09-03 00:00:00.000
1693785600000,26.6,43374.11667,2131258.3063099994,2023-09-04 00:00:00.000
1693872000000,26.169,42580.752,1440351.91969,2023-09-05 00:00:00.000
1693958400000,26.3,42576.83518,1162700.48728,2023-09-06 00:00:00.000
1694044800000,26.4,43048.56724,1097910.81924,2023-09-07 00:00:00.000
1694131200000,27.0,44070.21,2163188.6185399992,2023-09-08 00:00:00.000
1694217600000,26.99,44088.36523,415484.07018999994,2023-09-09 00:00:00.000
1694304000000,27.19,44338.733,318743.18247000006,2023-09-10 00:00:00.000
1694390400000,26.66,43280.11701,2933242.795179999,2023-09-11 00:00:00.000
1694476800000,26.1,40258.467000000004,1751187.1389199991,2023-09-12 00:00:00.000
1694563200000,25.29,39196.80467,1757457.0744300003,2023-09-13 00:00:00.000
1694649600000,23.45,37384.424199999994,2873481.8710600017,2023-09-14 00:00:00.000
1694736000000,22.79,36640.31932,2417860.82862,2023-09-15 00:00:00.000
1694822400000,23.6,38248.05602,774314.7994799999,2023-09-16 00:00:00.000
1694908800000,23.9,38871.82855,1058451.8798800001,2023-09-17 00:00:00.000
1694995200000,24.0,38963.76,522623.87348000007,2023-09-18 00:00:00.000
1695081600000,24.15,39182.86246,662679.56658,2023-09-19 00:00:00.000
1695168000000,24.2,39426.23428,1040987.1770000001,2023-09-20 00:00:00.000
1695254400000,24.29,39753.85465,1264935.7316600003,2023-09-21 00:00:00.000
1695340800000,23.333,37835.22844,1985458.3248400001,2023-09-22 00:00:00.000
1695427200000,23.55,37299.06102,1256767.4268800002,2023-09-23 00:00:00.000
1695513600000,23.55,37299.06102,790123.9260599999,2023-09-24 00:00:00.000
1695600000000,23.65,37366.526999999995,2346777.609210002,2023-09-25 00:00:00.000
1695686400000,23.65,37198.9125,3598274.5721699996,2023-09-26 00:00:00.000
1695772800000,23.77,37567.95719,1535101.7029299997,2023-09-27 00:00:00.000
1695859200000,23.999,38121.71992,1046608.5666199999,2023-09-28 00:00:00.000
1695945600000,24.0,38219.66702,723376.2780299999,2023-09-29 00:00:00.000
1696032000000,24.0,38219.66702,294705.16317,2023-09-30 00:00:00.000
1696118400000,24.229,40032.7187,698483.6302,2023-10-01 00:00:00.000
1696204800000,24.1,40032.7187,1550904.06539,2023-10-02 00:00:00.000
1696291200000,24.45,40767.64483,2342672.2355299992,2023-10-03 00:00:00.000
1696377600000,25.9,43104.679950000005,671306.5265899999,2023-10-04 00:00:00.000
1696464000000,26.0,42753.888,838989.92637,2023-10-05 00:00:00.000
1696550400000,26.19,42610.128,1138019.8817999999,2023-10-06 00:00:00.000
1696636800000,26.09,42083.03665,358471.98412,2023-10-07 00:00:00.000
1696723200000,25.94,42018.51686,643361.8338299998,2023-10-08 00:00:00.000
1696809600000,25.9,42249.375,746639.4077900001,2023-10-09 00:00:00.000
1696896000000,25.7,40461.2325,1792639.7101199997,2023-10-10 00:00:00.000
1696982400000,25.2,39678.356,2223069.8104399997,2023-10-11 00:00:00.000
1697068800000,25.249,39331.886,1431744.8398500006,2023-10-12 00:00:00.000
1697155200000,25.18,38808.242181600006,3952710.3620100035,2023-10-13 00:00:00.000
1697241600000,24.449,37573.53627,2599100.35601,2023-10-14 00:00:00.000
1697328000000,24.16,37129.39737,2061317.0677200002,2023-10-15 00:00:00.000
1697414400000,24.53,38036.11692,955794.2884600001,2023-10-16 00:00:00.000
1697500800000,24.68995,38461.03804,3034923.7563800025,2023-10-17 00:00:00.000
1697587200000,24.58,38354.1404,3509232.26409,2023-10-18 00:00:00.000
1697673600000,24.2,37874.46623,1899537.4744999988,2023-10-19 00:00:00.000
1697760000000,24.38995,37742.2281275,2021786.95349,2023-10-20 00:00:00.000
1697846400000,25.688,40177.86065,3994479.0161899943,2023-10-21 00:00:00.000
1697932800000,25.87,40573.85305,4137394.8072799975,2023-10-22 00:00:00.000
1698019200000,26.32,41280.66144,3378525.5317199975,2023-10-23 00:00:00.000
1698105600000,25.96,41280.66144,4700187.112030001,2023-10-24 00:00:00.000
1698192000000,26.15,43528.52218,2264948.2009900007,2023-10-25 00:00:00.000
1698278400000,26.129,46205.87549,2605553.7400599993,2023-10-26 00:00:00.000
1698364800000,26.28,41716.83446,3966555.4995,2023-10-27 00:00:00.000
1698451200000,27.149,43914.49112,3900694.211070001,2023-10-28 00:00:00.000
1698537600000,28.5,50746.25674,4464670.265869998,2023-10-29 00:00:00.000
1698624000000,28.698,50977.79464,4882770.758130001,2023-10-30 00:00:00.000
1698710400000,29.049,49820.3733,5954376.005890008,2023-10-31 00:00:00.000
1698796800000,30.24,54292.49420000001,5406924.166490001,2023-11-01 00:00:00.000
1698883200000,30.05,54594.93463,8324611.249969995,2023-11-02 00:00:00.000
1698969600000,29.6,53482.275,9897536.742400015,2023-11-03 00:00:00.000
1699056000000,28.3,50965.67319,5799522.55959,2023-11-04 00:00:00.000
1699142400000,27.558,50546.1411,7280442.611229997,2023-11-05 00:00:00.000
1699228800000,27.53,50641.5181,3208827.847999999,2023-11-06 00:00:00.000
1699315200000,27.7578,51730.06825,4991384.111120001,2023-11-07 00:00:00.000
1699401600000,27.74,51697.177800000005,5078379.587849996,2023-11-08 00:00:00.000
1699488000000,28.15,53089.210999999996,7847041.250759999,2023-11-09 00:00:00.000
1699574400000,30.86,52181.68499,6356029.622739999,2023-11-10 00:00:00.000
1699660800000,29.2,57217.62631,8664475.619010005,2023-11-11 00:00:00.000
1699747200000,30.99,63879.8596,6283799.56261,2023-11-12 00:00:00.000
1699833600000,29.29,60096.20715,5983176.367540002,2023-11-13 00:00:00.000
1699920000000,29.2,59502.299999999996,4950246.187879996,2023-11-14 00:00:00.000
1700006400000,29.3899,58006.1613,6350963.109320001,2023-11-15 00:00:00.000
1700092800000,29.35,57942.385,2309459.5489499997,2023-11-16 00:00:00.000
1700179200000,29.3,57290.143500000006,1650074.4431000003,2023-11-17 00:00:00.000
1700265600000,29.18,56512.265,852773.6301000001,2023-11-18 00:00:00.000
1700352000000,28.99,56616.097,1504810.0038399997,2023-11-19 00:00:00.000
1700438400000,28.15,54987.83685,715843.3845299999,2023-11-20 00:00:00.000
1700524800000,27.2,54702.64681,1694443.5908599999,2023-11-21 00:00:00.000
1700611200000,26.27,51611.880900000004,2340183.5910399994,2023-11-22 00:00:00.000
1700697600000,26.06,50921.6934,2867022.1818699995,2023-11-23 00:00:00.000
1700784000000,27.27,52915.92997,4109934.34922,2023-11-24 00:00:00.000
1700870400000,29.05,56835.62848,7690755.923999995,2023-11-25 00:00:00.000
1700956800000,29.679,59174.88167,9511027.72875,2023-11-26 00:00:00.000
1701043200000,29.89,61626.138000000006,7408858.1164299995,2023-11-27 00:00:00.000
1701129600000,29.45,59967.2273865,7627704.9437799975,2023-11-28 00:00:00.000
1701216000000,29.01,58890.31468,7716893.79214,2023-11-29 00:00:00.000
1701302400000,29.3,59325.468,4113764.8629900008,2023-11-30 00:00:00.000
1701388800000,28.5,57739.21385,9848779.709570002,2023-12-01 00:00:00.000
1701475200000,28.59995,57941.70426,3537169.496550003,2023-12-02 00:00:00.000
1701561600000,29.09495,59074.30655,4668740.208200006,2023-12-03 00:00:00.000
1701648000000,29.6,60271.63551,4457408.603699998,2023-12-04 00:00:00.000
1701734400000,29.83,64590.83579,8750484.544289997,2023-12-05 00:00:00.000
1701820800000,29.547,65660.166,10008645.806360006,2023-12-06 00:00:00.000
1701907200000,29.298,65333.37896,7207311.522619999,2023-12-07 00:00:00.000
1701993600000,29.0,64728.73776,3572974.2529599993,2023-12-08 00:00:00.000
1702080000000,29.224,65228.71146,4433655.312820002,2023-12-09 00:00:00.000
1702166400000,29.26,68889.3616,3394301.0099300025,2023-12-10 00:00:00.000
1702252800000,28.99,68272.430365,3380421.58255,2023-12-11 00:00:00.000
1702339200000,29.0,63754.728344999996,7792766.154290006,2023-12-12 00:00:00.000
1702425600000,28.84,63018.6876,3365591.447620001,2023-12-13 00:00:00.000
1702512000000,27.941,61061.7215,3244408.3454299998,2023-12-14 00:00:00.000
1702598400000,27.599,60859.03025,2018520.7014600001,2023-12-15 00:00:00.000
1702684800000,27.2902,60821.806500000006,897115.0990699998,2023-12-16 00:00:00.000
1702771200000,26.651,59139.63504,2682135.6906199995,2023-12-17 00:00:00.000
1702857600000,26.0,57718.74207,3700094.8452000003,2023-12-18 00:00:00.000
1702944000000,25.8,55002.246,1720790.5138000005,2023-12-19 00:00:00.000
1703030400000,25.899,55709.61724,1710265.3003200009,2023-12-20 00:00:00.000
1703116800000,25.995,56474.39745000001,814924.1677900001,2023-12-21 00:00:00.000
1703203200000,26.394,57455.49947,1336820.55959,2023-12-22 00:00:00.000
1703289600000,25.999,57706.36343,517901.24049,2023-12-23 00:00:00.000
1703376000000,25.908,61577.38952,313614.06169,2023-12-24 00:00:00.000
1703462400000,25.909,60291.51158,780659.9904200002,2023-12-25 00:00:00.000
1703548800000,26.24999,59945.40325,2680825.88687,2023-12-26 00:00:00.000
1703635200000,26.467,59945.40325,2042512.6084300003,2023-12-27 00:00:00.000
1703721600000,26.299,58669.81276,5106865.493180002,2023-12-28 00:00:00.000
1703808000000,26.5,59341.30649,1459071.8940100002,2023-12-29 00:00:00.000
1703894400000,26.5,60378.130000000005,494615.48353,2023-12-30 00:00:00.000
1703980800000,26.3,60123.73,1363895.6179100003,2023-12-31 00:00:00.000
1704067200000,26.17,59949.32005,4592062.979630004,2024-01-01 00:00:00.000
1704153600000,26.19,60088.86952,2404690.30257,2024-01-02 00:00:00.000
1704240000000,26.15,59620.45739,8646200.0449,2024-01-03 00:00:00.000
1704326400000,26.5,58276.68,4584063.833410004,2024-01-04 00:00:00.000
1704412800000,26.7,59038.26111,887530.28245,2024-01-05 00:00:00.000
1704499200000,26.15,58596.02694,2911645.4532,2024-01-06 00:00:00.000
1704585600000,26.1,58346.461026000004,1638729.1051999999,2024-01-07 00:00:00.000
1704672000000,24.9,55813.61959,3692382.358009999,2024-01-08 00:00:00.000
1704758400000,24.69,54815.54207,3470755.9186799997,2024-01-09 00:00:00.000
1704844800000,23.29,53363.33,2576805.1579300007,2024-01-10 00:00:00.000
1704931200000,22.59,52886.8185,2868444.84191,2024-01-11 00:00:00.000
1705017600000,21.9,52603.53806,4955715.046849998,2024-01-12 00:00:00.000
1705104000000,21.99,56425.60440000001,4617158.386149999,2024-01-13 00:00:00.000
1705190400000,21.88,55236.09706,2346087.6923499997,2024-01-14 00:00:00.000
1705276800000,24.1,60840.49083,3423635.2533399975,2024-01-15 00:00:00.000
1705363200000,23.749,58848.53717,5614677.659699997,2024-01-16 00:00:00.000
1705449600000,24.3,60213.88071,1652470.21632,2024-01-17 00:00:00.000
1705536000000,23.5,60404.30565,4953471.25936,2024-01-18 00:00:00.000
1705622400000,24.3,59805.457785000006,4180693.253150001,2024-01-19 00:00:00.000
1705708800000,24.25,59292.1215,2136253.6968099996,2024-01-20 00:00:00.000
1705795200000,24.389,60175.68647,5735141.402009998,2024-01-21 00:00:00.000
1705881600000,24.4,60197.60599999999,3907116.9223899976,2024-01-22 00:00:00.000
1705968000000,25.197,59986.27725424743,2892189.12625,2024-01-23 00:00:00.000
1706054400000,25.6,55952.128000000004,892538.8829999998,2024-01-24 00:00:00.000
1706140800000,25.2899,56473.04255365946,1547436.2251500003,2024-01-25 00:00:00.000
1706227200000,25.28989,56505.201227000005,860466.4567999999,2024-01-26 00:00:00.000
1706313600000,25.08995,55690.01639,1746623.4229199993,2024-01-27 00:00:00.000
1706400000000,25.35977,56755.05514,795240.66303,2024-01-28 00:00:00.000
1706486400000,25.0,56223.12500000001,467350.27422,2024-01-29 00:00:00.000
1706572800000,24.75,55862.09801,278780.62213000003,2024-01-30 00:00:00.000
1706659200000,24.43,55297.83439,393118.7233,2024-01-31 00:00:00.000
1706745600000,24.05,54898.12,812842.8921899999,2024-02-01 00:00:00.000
1706832000000,23.8,54323.16363,743867.35843,2024-02-02 00:00:00.000
1706918400000,24.3,55607.14800000001,357873.88278,2024-02-03 00:00:00.000
1707004800000,24.598,56453.02495,222610.30156,2024-02-04 00:00:00.000
1707091200000,24.4,55742.718915000005,282181.21728999994,2024-02-05 00:00:00.000
1707177600000,23.469,53854.68804,982579.8489999999,2024-02-06 00:00:00.000
1707264000000,24.4,56081.60434,222925.00757000002,2024-02-07 00:00:00.000
1707350400000,24.2,56087.54573,367878.26162999996,2024-02-08 00:00:00.000
1707436800000,24.29,57843.16471,1011017.73405,2024-02-09 00:00:00.000
1707523200000,23.5,56892.76118,813437.18196,2024-02-10 00:00:00.000
1707609600000,23.29,56384.35779,1634248.5161800003,2024-02-11 00:00:00.000
1707696000000,22.8,56723.00045,2184449.05232,2024-02-12 00:00:00.000
1707782400000,22.921,56936.90662,1272625.1621600003,2024-02-13 00:00:00.000
1707868800000,22.79,57418.86552,1081412.81941,2024-02-14 00:00:00.000
1707955200000,22.7995,59815.9702175,1989130.4588999995,2024-02-15 00:00:00.000
1708041600000,22.65,57585.68795,4820824.873639996,2024-02-16 00:00:00.000
1708128000000,22.69,62969.17455000001,3097412.508919999,2024-02-17 00:00:00.000
1708214400000,21.88,60886.46059999999,6895329.457870004,2024-02-18 00:00:00.000
1708300800000,21.92,61125.2644,5567341.495480005,2024-02-19 00:00:00.000
1708387200000,20.88,59471.64753,6227352.501160002,2024-02-20 00:00:00.000
1708473600000,20.77,59712.61338,3816160.5563299987,2024-02-21 00:00:00.000
1708560000000,21.419,63190.52831519999,6656086.585159999,2024-02-22 00:00:00.000
1708646400000,22.11,65823.2834,5950236.650309999,2024-02-23 00:00:00.000
1708732800000,21.924,64046.512310000006,2047307.6422400004,2024-02-24 00:00:00.000
1708819200000,21.677,63283.617029999994,1468758.3782499998,2024-02-25 00:00:00.000
1708905600000,21.848,63933.49463,2329849.3899200005,2024-02-26 00:00:00.000
1708992000000,22.449,67225.18787,1973342.24787,2024-02-27 00:00:00.000
1709078400000,22.387,71048.05362,2973283.016510001,2024-02-28 00:00:00.000
1709164800000,22.499,72263.55389,2526013.1304499996,2024-02-29 00:00:00.000
1709251200000,22.21,72070.71935,1816575.55074,2024-03-01 00:00:00.000
1709337600000,21.9,73314.42134,1051173.2278200001,2024-03-02 00:00:00.000
1709424000000,21.2,72274.086,1467066.6151000003,2024-03-03 00:00:00.000
1709510400000,20.6,70334.37770000001,1720220.60328,2024-03-04 00:00:00.000
1709596800000,18.89,65873.03671,4648831.356270006,2024-03-05 00:00:00.000
1709683200000,17.6942,60755.28829999999,7121808.75254,2024-03-06 00:00:00.000
1709769600000,17.55,61774.68000000001,11615499.729470009,2024-03-07 00:00:00.000
1709856000000,17.589,62995.61706,5578004.994740001,2024-03-08 00:00:00.000
1709942400000,17.349,67000.12043,7744978.418119998,2024-03-09 00:00:00.000
1710028800000,17.1,66038.50708,1991029.6425800002,2024-03-10 00:00:00.000
1710115200000,16.7,64537.67255999999,3228651.9288899982,2024-03-11 00:00:00.000
1710201600000,15.15,58895.21754,4411306.10231,2024-03-12 00:00:00.000
1710288000000,12.399,48368.25984,13091626.560940014,2024-03-13 00:00:00.000
1710374400000,12.897,51933.502179999996,8910279.77933,2024-03-14 00:00:00.000
1710460800000,13.3,52042.798559999996,2439445.5074099996,2024-03-15 00:00:00.000
1710547200000,13.489,49481.974949999996,2696658.313479999,2024-03-16 00:00:00.000
1710633600000,13.289,46259.35366,2679433.71043,2024-03-17 00:00:00.000
1710720000000,12.99,46542.68168,7273588.530450001,2024-03-18 00:00:00.000
1710806400000,13.155,47225.020659999995,3374990.91945,2024-03-19 00:00:00.000
1710892800000,12.74,40268.8468,4839598.4517,2024-03-20 00:00:00.000
1710979200000,12.915,39647.53202,4123869.8102899995,2024-03-21 00:00:00.000
1711065600000,13.387,47239.0384,7184530.123760001,2024-03-22 00:00:00.000
1711152000000,13.998,46562.29623000001,1973643.0652,2024-03-23 00:00:00.000
1711238400000,13.68,45808.5744,2942058.2793299994,2024-03-24 00:00:00.000
1711324800000,13.257,44696.8706,5827798.469439997,2024-03-25 00:00:00.000
1711411200000,13.33,45840.65607,2572865.02866,2024-03-26 00:00:00.000
1711497600000,13.479,48095.228639999994,5767432.070360005,2024-03-27 00:00:00.000
1711584000000,12.547,43802.3865,5897825.9308400005,2024-03-28 00:00:00.000
1711670400000,12.349,43894.89097,5161734.351790001,2024-03-29 00:00:00.000
1711756800000,12.369,43367.5872,2125466.11864,2024-03-30 00:00:00.000
1711843200000,12.0,42726.840000000004,3181537.602359999,2024-03-31 00:00:00.000
1711929600000,11.647,42150.340749999996,3780639.754649998,2024-04-01 00:00:00.000
1712016000000,12.0,41232.0875,1498752.2807400003,2024-04-02 00:00:00.000
1712102400000,11.2838,36911.191739999995,3901128.525299999,2024-04-03 00:00:00.000
1712188800000,11.5,38056.605,2013915.84797,2024-04-04 00:00:00.000
1712275200000,10.36,34934.6452,6765806.96437,2024-04-05 00:00:00.000
1712361600000,11.31055,37032.041413249994,5546738.083059999,2024-04-06 00:00:00.000
1712448000000,11.378,37761.93219,3172807.931009999,2024-04-07 00:00:00.000
1712534400000,11.81,40022.731850000004,4041873.542259998,2024-04-08 00:00:00.000
1712620800000,11.539,40528.49832,4500859.523289999,2024-04-09 00:00:00.000
1712707200000,12.275,43066.6665,2942767.6442199997,2024-04-10 00:00:00.000
1712793600000,12.015,41724.11808,3739695.5126399994,2024-04-11 00:00:00.000
1712880000000,11.831,41338.70668,5324704.266929998,2024-04-12 00:00:00.000
1712966400000,11.6,37300.901999999995,2468365.1668599998,2024-04-13 00:00:00.000
1713052800000,11.1,32465.816600000002,3299359.41586,2024-04-14 00:00:00.000
1713139200000,10.428,31331.23116,4312655.127759998,2024-04-15 00:00:00.000
1713225600000,10.036,31806.52164,6711849.509080004,2024-04-16 00:00:00.000
1713312000000,10.69996,32452.86411,2369288.288720001,2024-04-17 00:00:00.000
1713398400000,10.495,32043.384000000002,2156900.7718599993,2024-04-18 00:00:00.000
1713484800000,10.8,32380.236000000004,3321750.8248700006,2024-04-19 00:00:00.000
1713571200000,11.811,34507.68775999999,1294894.5937599996,2024-04-20 00:00:00.000
1713657600000,11.811,35750.36157,402677.90605999995,2024-04-21 00:00:00.000
1713744000000,11.888,37272.4464,1085399.9267699998,2024-04-22 00:00:00.000
1713830400000,11.65,37106.35675,2017677.1425400001,2024-04-23 00:00:00.000
1713916800000,12.2,38737.988999999994,1778145.5781200007,2024-04-24 00:00:00.000
1714003200000,12.633,40221.29405,2105926.09192,2024-04-25 00:00:00.000
1714089600000,13.44,42228.32727749999,5169951.4601099985,2024-04-26 00:00:00.000
1714176000000,16.249,50672.506499999996,5655073.258649997,2024-04-27 00:00:00.000
1714262400000,15.338,48749.12031,3487129.398069999,2024-04-28 00:00:00.000
1714348800000,14.55,48297.77925,3235926.03884,2024-04-29 00:00:00.000
1714435200000,12.9469,41007.234246,4550777.864679998,2024-04-30 00:00:00.000
1714521600000,12.58,37261.205200000004,2183313.825409999,2024-05-01 00:00:00.000
1714608000000,12.1,34926.892,2829908.26041,2024-05-02 00:00:00.000
1714694400000,12.6969,36801.139351499995,2406818.236119999,2024-05-03 00:00:00.000
1714780800000,13.697,40707.7728,1762920.75936,2024-05-04 00:00:00.000
1714867200000,13.699,42428.337315,970207.5489999999,2024-05-05 00:00:00.000
1714953600000,14.5555,45096.9417625,1946509.8281800002,2024-05-06 00:00:00.000
1715040000000,15.089,47356.382895,977888.9895399999,2024-05-07 00:00:00.000
1715126400000,15.5,47418.24775,1649332.1142999998,2024-05-08 00:00:00.000
1715212800000,14.098,41589.100000000006,2178823.592470001,2024-05-09 00:00:00.000
1715299200000,14.098,42060.02328,1042742.61345,2024-05-10 00:00:00.000
1715385600000,14.07,40719.4242,2126396.26071,2024-05-11 00:00:00.000
1715472000000,13.72103,39953.92423125,2202535.74821,2024-05-12 00:00:00.000
1715558400000,13.999,40688.7456,962683.9308599997,2024-05-13 00:00:00.000
1715644800000,14.099,40701.77272,833783.40573,2024-05-14 00:00:00.000
1715731200000,13.449,38835.05925,2037854.17371,2024-05-15 00:00:00.000
1715817600000,13.199,38451.211599,1147078.8166600002,2024-05-16 00:00:00.000
1715904000000,13.45,39927.05808,852085.6591500002,2024-05-17 00:00:00.000
1715990400000,13.399,39652.589595,876723.6728500002,2024-05-18 00:00:00.000
1716076800000,13.466,41898.324160000004,576157.50218,2024-05-19 00:00:00.000
1716163200000,13.032,39971.296655,1349540.1378700004,2024-05-20 00:00:00.000
1716249600000,13.2,40725.5975,2315361.87559,2024-05-21 00:00:00.000
1716336000000,12.485,46308.23835,815669.12375,2024-05-22 00:00:00.000
1716422400000,12.74,47506.67905499999,961782.2462599998,2024-05-23 00:00:00.000
1716508800000,12.199,46199.95415,1124681.9313800002,2024-05-24 00:00:00.000
1716595200000,12.194,44731.853425,1111999.1323799998,2024-05-25 00:00:00.000
1716681600000,12.149,45522.78896,934002.7840600001,2024-05-26 00:00:00.000
1716768000000,12.108,45788.03658000001,743656.8216200001,2024-05-27 00:00:00.000
1716854400000,11.741,45426.092765,1001042.9439300002,2024-05-28 00:00:00.000
1716940800000,11.499,44188.634999999995,1755108.3411599998,2024-05-29 00:00:00.000
1717027200000,12.297,47196.562335,877061.8346,2024-05-30 00:00:00.000
1717113600000,12.349,46489.18554,1320977.51927,2024-05-31 00:00:00.000
1717200000000,12.652,47342.634560000006,3029193.7313199975,2024-06-01 00:00:00.000
1717286400000,11.585,44171.543979999995,1602988.31855,2024-06-02 00:00:00.000
1717372800000,11.5483,43431.51293600001,1466538.48693,2024-06-03 00:00:00.000
1717459200000,11.7915,44335.91344,735099.0728699999,2024-06-04 00:00:00.000
1717545600000,12.5,47207.80692,280365.10870999994,2024-06-05 00:00:00.000
1717632000000,12.2069,46965.803611999996,573900.45322,2024-06-06 00:00:00.000
1717718400000,11.836,44638.5863,2466575.8312699995,2024-06-07 00:00:00.000
1717804800000,11.665,42927.841575,781469.4463499999,2024-06-08 00:00:00.000
1717891200000,11.688,43054.910280000004,435841.45535,2024-06-09 00:00:00.000
1717977600000,11.389,42138.104155,1147480.9848899997,2024-06-10 00:00:00.000
1718064000000,11.498,42111.9999,1557601.6438000002,2024-06-11 00:00:00.000
1718150400000,11.698,40454.171220100005,799507.66112,2024-06-12 00:00:00.000
1718236800000,10.61,37452.036420000004,1530419.4457799988,2024-06-13 00:00:00.000
1718323200000,10.2,35741.361,2209506.5898299995,2024-06-14 00:00:00.000
1718409600000,10.108,34985.000224999996,3047559.760870001,2024-06-15 00:00:00.000
1718496000000,10.253,35863.060905,1012656.4585200003,2024-06-16 00:00:00.000
1718582400000,10.394,36956.415629999996,1061690.83159,2024-06-17 00:00:00.000
1718668800000,9.9999,35051.049485999996,1246161.7038399996,2024-06-18 00:00:00.000
1718755200000,8.8798,30137.374386,2445391.2993700006,2024-06-19 00:00:00.000
1718841600000,8.7,30794.508,2355014.6349699986,2024-06-20 00:00:00.000
1718928000000,8.59,30353.604,1961637.0103600002,2024-06-21 00:00:00.000
1719014400000,8.74998,30571.6775609,1135687.0178800002,2024-06-22 00:00:00.000
1719100800000,8.95,31277.341249999998,977882.3577300002,2024-06-23 00:00:00.000
1719187200000,9.0452,30901.614245999997,832272.04259,2024-06-24 00:00:00.000
1719273600000,8.31,27440.171260000003,1393644.3751199997,2024-06-25 00:00:00.000
1719360000000,8.49,28426.6338,1362084.78693,2024-06-26 00:00:00.000
1719446400000,8.49,28767.970566,716433.60293,2024-06-27 00:00:00.000
1719532800000,8.39,28928.42635,692755.2863200001,2024-06-28 00:00:00.000
1719619200000,9.2879,31918.9364585,2740830.5659900005,2024-06-29 00:00:00.000
1719705600000,10.28,34722.498999999996,1022438.0991700001,2024-06-30 00:00:00.000
1719792000000,9.67,32811.42205,1565908.9069600005,2024-07-01 00:00:00.000
1719878400000,9.88992,33945.8625,688095.2798000001,2024-07-02 00:00:00.000
1719964800000,9.796,33605.03106,1186919.4944,2024-07-03 00:00:00.000
1720051200000,9.6,31404.528,1224781.69461,2024-07-04 00:00:00.000
1720137600000,9.3,29073.17715,252789.86375999998,2024-07-05 00:00:00.000
1720224000000,9.14,26141.10125,558508.33731,2024-07-06 00:00:00.000
1720310400000,9.19,27289.223999999995,432558.2121699999,2024-07-07 00:00:00.000
1720396800000,9.35,27788.781915,291683.36329999997,2024-07-08 00:00:00.000
1720483200000,9.1,25996.698,439386.02963999996,2024-07-09 00:00:00.000
1720569600000,9.34999,28163.9765,375598.77618000004,2024-07-10 00:00:00.000
1720656000000,9.75,29761.512307999998,563071.44278,2024-07-11 00:00:00.000
1720742400000,9.73,30181.164375,217814.05082,2024-07-12 00:00:00.000
1720828800000,9.72,29758.706250000003,318186.47851,2024-07-13 00:00:00.000
1720915200000,9.7494,30377.0533725,225394.73348,2024-07-14 00:00:00.000
1721001600000,9.8,31392.984249999998,183246.91015,2024-07-15 00:00:00.000
1721088000000,9.5,32059.863,596604.70609,2024-07-16 00:00:00.000
1721174400000,9.15,31496.770500000002,908378.3052800001,2024-07-17 00:00:00.000
1721260800000,9.145,30973.756500000003,553650.4623,2024-07-18 00:00:00.000
1721347200000,9.178,31074.184050000003,446222.22398,2024-07-19 00:00:00.000
1721433600000,9.3366,31938.9184,530843.56397,2024-07-20 00:00:00.000
1721520000000,9.298,32476.798200000005,199789.59631000002,2024-07-21 00:00:00.000
1721606400000,9.2978,32494.5230571,310104.03118999995,2024-07-22 00:00:00.000
1721692800000,9.16,31854.33205,479329.4404300001,2024-07-23 00:00:00.000
1721779200000,9.278,31737.498649999998,256317.89591,2024-07-24 00:00:00.000
1721865600000,9.2417,30720.361790000003,392280.48819,2024-07-25 00:00:00.000
1721952000000,9.1947,28892.914500000003,222108.17469999997,2024-07-26 00:00:00.000
1722038400000,9.223,29295.9379856,539129.05431,2024-07-27 00:00:00.000
1722124800000,9.239,29884.3813,442687.67361000006,2024-07-28 00:00:00.000
1722211200000,9.158,29481.436260000002,441148.80369000003,2024-07-29 00:00:00.000
1722297600000,8.9,29517.2314785,466429.23397999996,2024-07-30 00:00:00.000
1722384000000,8.939,29518.82564,776657.17067,2024-07-31 00:00:00.000
1722470400000,9.1459,29954.12625,2018406.2315499997,2024-08-01 00:00:00.000
1722556800000,9.3,29078.31,613185.47483,2024-08-02 00:00:00.000
1722643200000,9.29,27652.806000000004,541890.8966,2024-08-03 00:00:00.000
1722729600000,9.3,27155.516137,646991.2232599999,2024-08-04 00:00:00.000
1722816000000,9.2,24893.267999999996,389842.03543,2024-08-05 00:00:00.000
1722902400000,8.99,20127.93575,997894.1581900001,2024-08-06 00:00:00.000
1722988800000,8.91,21857.024699999998,433827.57237,2024-08-07 00:00:00.000
1723075200000,9.19,22643.930249999998,644377.7058100002,2024-08-08 00:00:00.000
1723161600000,9.83058,22953.7606351,298171.58462,2024-08-09 00:00:00.000
1723248000000,9.5,24710.268466999998,366531.31965,2024-08-10 00:00:00.000
1723334400000,9.64627,24945.37156485,319312.86546,2024-08-11 00:00:00.000
1723420800000,9.5,24368.97375,170384.08609,2024-08-12 00:00:00.000
1723507200000,9.6,24440.168999999998,388367.32673999993,2024-08-13 00:00:00.000
1723593600000,9.8,25720.247,273954.95378,2024-08-14 00:00:00.000
1723680000000,9.897,26707.598835,1139400.1041,2024-08-15 00:00:00.000
1723766400000,11.14948,29663.271354999997,2164939.7776399995,2024-08-16 00:00:00.000
1723852800000,12.14,31535.774500000003,706781.39422,2024-08-17 00:00:00.000
1723939200000,11.34,29681.496,419688.41234999994,2024-08-18 00:00:00.000
1724025600000,11.4,29763.120000000003,495892.75867999997,2024-08-19 00:00:00.000
1724112000000,11.98939,31086.770750000003,449266.62395000004,2024-08-20 00:00:00.000
1724198400000,11.84358,30702.8106,656096.9399799999,2024-08-21 00:00:00.000
1724284800000,12.11,31256.818249999997,1203723.4236200002,2024-08-22 00:00:00.000
1724371200000,12.45,32701.979249999997,1561463.9723799997,2024-08-23 00:00:00.000
1724457600000,12.90948,33869.4595536,1661102.60862,2024-08-24 00:00:00.000
1724544000000,13.99,38455.97,919069.4359899999,2024-08-25 00:00:00.000
1724630400000,13.42,37193.3287,776918.89319,2024-08-26 00:00:00.000
1724716800000,13.5,36860.534999999996,214016.99640000003,2024-08-27 00:00:00.000
1724803200000,13.0,32021.1632664,971318.6362399999,2024-08-28 00:00:00.000
1724889600000,13.08665,31907.321823000002,304425.77040999994,2024-08-29 00:00:00.000
1724976000000,13.08596,32956.7087904,478969.69796,2024-08-30 00:00:00.000
1725062400000,13.099,32881.1098,1155329.51687,2024-08-31 00:00:00.000
1725148800000,13.2,33226.71,223203.47849,2024-09-01 00:00:00.000
1725235200000,12.4,30098.644,1071443.2144899997,2024-09-02 00:00:00.000
1725321600000,12.4,30206.772000000004,708628.7103099999,2024-09-03 00:00:00.000
1725408000000,11.45899,27691.218100000002,776065.73567,2024-09-04 00:00:00.000
1725494400000,11.15,26791.2788,682478.2904500002,2024-09-05 00:00:00.000
1725580800000,11.2579,26748.88874,166731.71346,2024-09-06 00:00:00.000
1725667200000,11.42,25756.15224,620792.2654500001,2024-09-07 00:00:00.000
1725753600000,11.67,25995.342435,283111.48421,2024-09-08 00:00:00.000
1725840000000,11.83889,26839.422305849996,220955.44360000003,2024-09-09 00:00:00.000
1725926400000,11.94,27283.9024762,163128.64323000002,2024-09-10 00:00:00.000
1726012800000,11.95958,27792.861158400003,344468.21447999997,2024-09-11 00:00:00.000
1726099200000,11.95,27600.855562,260786.11470999997,2024-09-12 00:00:00.000
1726185600000,11.99811,27831.4158615,177340.91466,2024-09-13 00:00:00.000
1726272000000,11.99764,28268.5053456,309014.10614999995,2024-09-14 00:00:00.000
1726358400000,11.99445,28720.832490349996,62237.50587,2024-09-15 00:00:00.000
1726444800000,11.76363,27852.031575,315708.25633999996,2024-09-16 00:00:00.000
1726531200000,11.75,26841.2319,645014.4456000001,2024-09-17 00:00:00.000
1726617600000,11.85,26922.574800000002,109134.15215000001,2024-09-18 00:00:00.000
1726690864761,11.69,26939.897249999998,83677.84532,2024-09-18 20:21:04.761
